<?xml version="1.0" encoding="UTF-8"?>
<GenRun Id="impl_1" LaunchPart="xc7s6cpga196-2" LaunchTime="1740372136">
  <File Type="PA-TCL" Name="BitSRAM.tcl"/>
  <File Type="REPORTS-TCL" Name="BitSRAM_reports.tcl"/>
  <File Type="INIT-TIMING" Name="BitSRAM_timing_summary_init.rpt"/>
  <File Type="OPT-DCP" Name="BitSRAM_opt.dcp"/>
  <File Type="OPT-DRC" Name="BitSRAM_drc_opted.rpt"/>
  <File Type="OPT-METHODOLOGY-DRC" Name="BitSRAM_methodology_drc_opted.rpt"/>
  <File Type="OPT-HWDEF" Name="BitSRAM.hwdef"/>
  <File Type="OPT-TIMING" Name="BitSRAM_timing_summary_opted.rpt"/>
  <File Type="OPT-RQA-PB" Name="BitSRAM_rqa_opted.pb"/>
  <File Type="PWROPT-DCP" Name="BitSRAM_pwropt.dcp"/>
  <File Type="PWROPT-DRC" Name="BitSRAM_drc_pwropted.rpt"/>
  <File Type="PWROPT-TIMING" Name="BitSRAM_timing_summary_pwropted.rpt"/>
  <File Type="PLACE-DCP" Name="BitSRAM_placed.dcp"/>
  <File Type="PLACE-IO" Name="BitSRAM_io_placed.rpt"/>
  <File Type="PLACE-CLK" Name="BitSRAM_clock_utilization_placed.rpt"/>
  <File Type="PLACE-UTIL" Name="BitSRAM_utilization_placed.rpt"/>
  <File Type="PLACE-UTIL-PB" Name="BitSRAM_utilization_placed.pb"/>
  <File Type="PLACE-CTRL" Name="BitSRAM_control_sets_placed.rpt"/>
  <File Type="PLACE-SIMILARITY" Name="BitSRAM_incremental_reuse_placed.rpt"/>
  <File Type="PLACE-PRE-SIMILARITY" Name="BitSRAM_incremental_reuse_pre_placed.rpt"/>
  <File Type="PLACE-TIMING" Name="BitSRAM_timing_summary_placed.rpt"/>
  <File Type="PLACE-RQA-PB" Name="BitSRAM_rqa_placed.pb"/>
  <File Type="POSTPLACE-PWROPT-DCP" Name="BitSRAM_postplace_pwropt.dcp"/>
  <File Type="POSTPLACE-PWROPT-TIMING" Name="BitSRAM_timing_summary_postplace_pwropted.rpt"/>
  <File Type="PHYSOPT-DCP" Name="BitSRAM_physopt.dcp"/>
  <File Type="PHYSOPT-DRC" Name="BitSRAM_drc_physopted.rpt"/>
  <File Type="PHYSOPT-TIMING" Name="BitSRAM_timing_summary_physopted.rpt"/>
  <File Type="ROUTE-ERROR-DCP" Name="BitSRAM_routed_error.dcp"/>
  <File Type="ROUTE-DCP" Name="BitSRAM_routed.dcp"/>
  <File Type="ROUTE-BLACKBOX-DCP" Name="BitSRAM_routed_bb.dcp"/>
  <File Type="ROUTE-DRC" Name="BitSRAM_drc_routed.rpt"/>
  <File Type="ROUTE-DRC-PB" Name="BitSRAM_drc_routed.pb"/>
  <File Type="ROUTE-DRC-RPX" Name="BitSRAM_drc_routed.rpx"/>
  <File Type="ROUTE-METHODOLOGY-DRC" Name="BitSRAM_methodology_drc_routed.rpt"/>
  <File Type="ROUTE-METHODOLOGY-DRC-RPX" Name="BitSRAM_methodology_drc_routed.rpx"/>
  <File Type="ROUTE-METHODOLOGY-DRC-PB" Name="BitSRAM_methodology_drc_routed.pb"/>
  <File Type="ROUTE-PWR" Name="BitSRAM_power_routed.rpt"/>
  <File Type="ROUTE-PWR-SUM" Name="BitSRAM_power_summary_routed.pb"/>
  <File Type="ROUTE-PWR-RPX" Name="BitSRAM_power_routed.rpx"/>
  <File Type="ROUTE-STATUS" Name="BitSRAM_route_status.rpt"/>
  <File Type="ROUTE-STATUS-PB" Name="BitSRAM_route_status.pb"/>
  <File Type="ROUTE-TIMINGSUMMARY" Name="BitSRAM_timing_summary_routed.rpt"/>
  <File Type="ROUTE-TIMING-PB" Name="BitSRAM_timing_summary_routed.pb"/>
  <File Type="ROUTE-TIMING-RPX" Name="BitSRAM_timing_summary_routed.rpx"/>
  <File Type="ROUTE-SIMILARITY" Name="BitSRAM_incremental_reuse_routed.rpt"/>
  <File Type="ROUTE-CLK" Name="BitSRAM_clock_utilization_routed.rpt"/>
  <File Type="ROUTE-BUS-SKEW" Name="BitSRAM_bus_skew_routed.rpt"/>
  <File Type="ROUTE-BUS-SKEW-PB" Name="BitSRAM_bus_skew_routed.pb"/>
  <File Type="ROUTE-BUS-SKEW-RPX" Name="BitSRAM_bus_skew_routed.rpx"/>
  <File Type="ROUTE-RQS-PB" Name="BitSRAM_rqs_routed.pb"/>
  <File Type="POSTROUTE-PHYSOPT-DCP" Name="BitSRAM_postroute_physopt.dcp"/>
  <File Type="POSTROUTE-PHYSOPT-BLACKBOX-DCP" Name="BitSRAM_postroute_physopt_bb.dcp"/>
  <File Type="POSTROUTE-PHYSOPT-TIMING" Name="BitSRAM_timing_summary_postroute_physopted.rpt"/>
  <File Type="POSTROUTE-PHYSOPT-TIMING-PB" Name="BitSRAM_timing_summary_postroute_physopted.pb"/>
  <File Type="POSTROUTE-PHYSOPT-TIMING-RPX" Name="BitSRAM_timing_summary_postroute_physopted.rpx"/>
  <File Type="POSTROUTE-PHYSOPT-BUS-SKEW" Name="BitSRAM_bus_skew_postroute_physopted.rpt"/>
  <File Type="POSTROUTE-PHYSOPT-BUS-SKEW-PB" Name="BitSRAM_bus_skew_postroute_physopted.pb"/>
  <File Type="POSTROUTE-PHYSOPT-BUS-SKEW-RPX" Name="BitSRAM_bus_skew_postroute_physopted.rpx"/>
  <File Type="BG-BIT" Name="BitSRAM.bit"/>
  <File Type="BG-BIN" Name="BitSRAM.bin"/>
  <File Type="BITSTR-MSK" Name="BitSRAM.msk"/>
  <File Type="BITSTR-RBT" Name="BitSRAM.rbt"/>
  <File Type="BITSTR-NKY" Name="BitSRAM.nky"/>
  <File Type="BITSTR-BMM" Name="BitSRAM_bd.bmm"/>
  <File Type="BITSTR-MMI" Name="BitSRAM.mmi"/>
  <File Type="PDI-FILE" Name="BitSRAM.pdi"/>
  <File Type="BOOT-PDI-FILE" Name="BitSRAM_boot.pdi"/>
  <File Type="PL-PDI-FILE" Name="BitSRAM_pld.pdi"/>
  <File Type="RCFI_FILE" Name="BitSRAM.rcfi"/>
  <File Type="CFI_FILE" Name="BitSRAM.cfi"/>
  <File Type="RNPI_FILE" Name="BitSRAM.rnpi"/>
  <File Type="NPI_FILE" Name="BitSRAM.npi"/>
  <File Type="RBD_FILE" Name="BitSRAM.rbd"/>
  <File Type="BITSTR-LTX" Name="debug_nets.ltx"/>
  <File Type="BITSTR-LTX" Name="BitSRAM.ltx"/>
  <File Type="BITSTR-SYSDEF" Name="BitSRAM.sysdef"/>
  <File Type="BG-BGN" Name="BitSRAM.bgn"/>
  <File Type="BG-DRC" Name="BitSRAM.drc"/>
  <File Type="RDI-RDI" Name="BitSRAM.vdi"/>
  <File Type="WBT-USG" Name="usage_statistics_webtalk.html"/>
  <File Type="ROUTE-RQS" Name="BitSRAM_routed.rqs"/>
  <File Type="POSTROUTE-PHYSOPT-RQS" Name="BitSRAM_postroute_physopted.rqs"/>
  <File Type="ROUTE-RQS-RPT" Name="route_report_qor_suggestions_0.rpt"/>
  <File Type="POSTROUTE-PHYSOPT-RQS-RPT" Name="postroute_physopt_report_qor_suggestions_0.rpt"/>
  <FileSet Name="sources" Type="DesignSrcs" RelSrcDir="$PSRCDIR/sources_1" RelGenDir="$PGENDIR/sources_1">
    <Filter Type="Srcs"/>
    <File Path="$PSRCDIR/sources_1/new/8BitSRAM.v">
      <FileInfo>
        <Attr Name="UsedIn" Val="synthesis"/>
        <Attr Name="UsedIn" Val="implementation"/>
        <Attr Name="UsedIn" Val="simulation"/>
      </FileInfo>
    </File>
    <Config>
      <Option Name="DesignMode" Val="RTL"/>
      <Option Name="TopModule" Val="BitSRAM"/>
      <Option Name="TopAutoSet" Val="TRUE"/>
    </Config>
  </FileSet>
  <FileSet Name="constrs_in" Type="Constrs" RelSrcDir="$PSRCDIR/constrs_1" RelGenDir="$PGENDIR/constrs_1">
    <Filter Type="Constrs"/>
    <File Path="$PSRCDIR/constrs_1/new/A.xdc">
      <FileInfo>
        <Attr Name="UsedIn" Val="synthesis"/>
        <Attr Name="UsedIn" Val="implementation"/>
      </FileInfo>
    </File>
    <Config>
      <Option Name="TargetConstrsFile" Val="$PSRCDIR/constrs_1/new/A.xdc"/>
      <Option Name="ConstrsType" Val="XDC"/>
    </Config>
  </FileSet>
  <FileSet Name="utils" Type="Utils" RelSrcDir="$PSRCDIR/utils_1" RelGenDir="$PGENDIR/utils_1">
    <Filter Type="Utils"/>
    <File Path="$PSRCDIR/utils_1/imports/synth_1/BitSRAM.dcp">
      <FileInfo>
        <Attr Name="UsedIn" Val="synthesis"/>
        <Attr Name="UsedIn" Val="implementation"/>
        <Attr Name="UsedInSteps" Val="synth_1"/>
        <Attr Name="AutoDcp" Val="1"/>
      </FileInfo>
    </File>
    <Config>
      <Option Name="TopAutoSet" Val="TRUE"/>
    </Config>
  </FileSet>
  <Strategy Version="1" Minor="2">
    <StratHandle Name="Vivado Implementation Defaults" Flow="Vivado Implementation 2024"/>
    <Step Id="init_design"/>
    <Step Id="opt_design"/>
    <Step Id="power_opt_design"/>
    <Step Id="place_design"/>
    <Step Id="post_place_power_opt_design"/>
    <Step Id="phys_opt_design"/>
    <Step Id="route_design"/>
    <Step Id="post_route_phys_opt_design"/>
    <Step Id="write_bitstream"/>
  </Strategy>
</GenRun>
